,text,n_tokens,embeddings
0,"- 1 -. 경기도 공고 제2023-499호. 2023년 경기도 골목상권 공동체 지원(스마트 성장지원) 모집 공고.   경기도에서는 소비트렌드를 반영한 골목상권 온라인 마케팅 지원으로 자생력을 강화하고 지역경제 활성화를 도모하기 위하여 2023년 . 스마트 성장지원 사업을 다음과 같이 공고하오니, 골목상권 공동체의  적극적인 참여를 바랍니다.. 2023년 3월 13일. 경기도지사. 경기도시장상권진흥원장. Ⅰ  사업 개요.  추진목적. ㅇ 온라인 판로개척이 필요한 경기도 골목상권에 ‘찾아가는 라이브 . 커머스’ 지원으로 매출성과 견인 .  예산 및 규모. ㅇ (사업예산) 금120백만원(금일억이천만원) - 도비 100%. ㅇ (지원규모) 4개소(상권당 10개 점포).  사업기간. ㅇ 2023년 1월 ~ 12월 ※ 실제 추진기간은 과업별 상이 .  지원대상. ㅇ 道 내 골목상권 공동체 376개소(’22년 기준). - 2 -.  신청자격 및 제외대상. ㅇ (신청자격)「경기도 골목상권 공동체 육성 및 활성화 지원 조례」제6조. 에 따른 골목상권 공동체(’22년 기준, 376개소) ※ 기 조직 공동체 2~5년차 .  • 제6조(골목상권 공동체 지정 기준 등) ① 도지사는 다음 각호의 요건을 갖춘 단체를 골목상권 공동체로 지정할 수 있다..  1. 골목상권을 기반으로 하는 30명 이상의 소상공인으로 구성된 단체일 것.  2. 골목상권 공동체 사업추진을 위한 대표자가 선출되어있는 단체일 것.  3. 그 밖에 도지사가 골목상권 공동체로 자격이 충분하다고 인정한 단체.  ② 도지사는 지정 요건 충족 여부 및 사실 확인을 위하여 현지조사를 할 수 있다.. ◦ (제외대상) 스마트 성장지원, 협업공모 중복신청 가능하나 하나의 사업만 선정, 스마트 성장지원 및 기본 성장지원 중복 지원 및 선정 가능 .  지원내용                                    가. 골목상권 상인회원 ‘찾아가는 라이브 커머스’ 상품 컨설팅 . - 사전 미팅, 상품 및 방송기획, 시나리오 작성, 홍보전략 등  나. ‘찾아가는 라이브커머스’ 온-오프라인 홍보 콘텐츠 운영 등. - 사전 방송관련 오프라인 홍보 운영(현수막, 전단물 등). - 네이버 블로거 및 인스타그램 활용 온라인 홍보 콘텐츠 운영 다. 찾아가는 라이브커머스 방송 제작 및 송출지원 : 1회(1~2시간). - 골목상권 상인회 ‘찾아가는 라이브커머스’ 방송운영. - 방송장비 및 스튜디오, 촬영팀, 전문 사회자(셀러), 영상편집 등 라. 라이브커머스 플랫폼 채널 운영방법 등 교육, 자료배포 . - 골목상권 상인회 대상 라이브커머스 플랫폼 채널 운영방법 교육 마. 사후관리 . - 판매상품 배송관리, 사고처리(배송사고 및 환불) 등 바. 우수사례 발굴(매출․고객 증가 등) 및 사례집 발간(인포그래픽 포함). 1. ’23년 신규조직(1년차) 골목상권 상인회 10개소(공통). 2. ’23년 골목상권 공동체 지원 공모사업(상생협약, 지역대학, 상인회 간 연합) 참여상인회 . 3. ’23년 우수상권 육성 및 대표상권 조성 사업 참여 상인회. 4. ’20~’23년 골목상권 특성화 지원사업(노후상가거리, 희망상권프로젝트) 및 골목상권 고객센터 사업 참여상인회 . 5. 최근 3년 내 유사사업(국비․도비․시비) 선정 점포 제외. - 3 -.  추진절차. 단계 모집공고 대상 상인회 선정 지원사업 협약 사업추진주관 도, 경상원 도, 경상원, 전문가 경상원 경상원 방법 공고 및 접수 심의위원회 상인회 ↔ 경상원 상인회 ↔ . 경상원․용역사. ※ 추진절차는 사정에 따라 달라질 수 있음 . Ⅱ신청 및 접수. □ 신청방법 : 신청기간 내 지원신청서, 운영계획서 등(신청서식 참고). 을 첨부, 경기도시장상권진흥원으로 접수. ㅇ 제출서류를 경상원 권역별 담당자 혹은 권역 매니저에게 제출하면 매니저가 접수처로 신청·접수 / 권역센터 직접 방문 및 우편접수 . □ 공고기간 : 2023. 3. 13.(월) ~  2023. 4. 21.(금). □ 접수기간 : 2023. 3. 22.(수) ~  2023. 4. 21.(금)  .    ※ 신청서 도착기한이며 경과 시 신청 불인정 등 불이익 발생가능.. □ 기타.  ㅇ 해당 공고문은 경기도시장상권진흥원 홈페이지(http://www.gmr.or.kr). ‘알림소식-공지사항’ 에서도 확인할 수 있습니다.. Ⅲ  평가방법 및 평가기준. □ 평가방법. ㅇ 요건검토 → 심의위원회(서류평가) → 최종선정. ※ 평가 세부계획, 일정 및 기준은 추후 별도 공지. □ 접수별 선정계획 .  ㅇ 모든 공모사업은 접수가 없을 시 재공고 하며 1배수 미만 접수일 경우라도  평가를 통해 총점 평균 70점이상 고득점 순으로 선정함. (70점미만은 미선정). - 4 -.  ㅇ 선정심의 시 예비선정자(총점 평균 70점 이상)를 별도 선정하여 선정 결정  후 포기자 발생 시 예비순위별로 선정의사를 확인하여 추가선정 결정..   - 단, 예비순위에 따른 추가선정은 포기자가 지원금 집행 전(前) 일 경우에  한하며, 선정 포기에 따른 예비순위 추가선정 효력은 심의 선정 후 3개월 . 까지로 할 수 있음.. Ⅳ  유의사항. ㅇ 접수된 신청서 및 사업계획서는 반환 불가하며, 허위로 작성한      경우에는 모든 지원이 취소 및 환수되고, 향후 道 주관 지원 사업에  불이익 부여. ㅇ 사업선정 후 제외기준이 확인될 경우 선정 취소 및 사업참여 제한. Ⅴ향후 일정 및 문의처. □ 향후일정.  ㅇ 공고 마감                      : 2023년 4월 21일.  ㅇ 선정 평가                     : 2023년 5월 중 (예정). ※ 세부 평가일정은 별도 통보. □ 문의처. 사업명 담당자문의처. 경기도시장상권진흥원. 골목경제팀. 홍 영 진 ☎) 031-5181-7252, *) hyj@gmr.or.kr. - 5 -. 온라인 마케팅 지원. 신청 서식. 순번 자료명 페이지. 1【서식 1】지원신청서6. 2 【서 식 2】 운영계획서 7. 【서식 3】개인정보수집․이용및. 제 3자  제 공 동 의 서. 13. 4 【서 식 4】 소상공인확인서(서명) 15. 5 【서 식 5】 사업자등록증(개별) 별 첨. - 6 -. 【서식 제1호】. 지원신청서(요약). □ 기본사항. 상인회 현황.  □ 회장(  명)  □ 부회장(   명)  □ 이사(   명)  □ 임원(    명)  .  □ 회원(    명). 상인회. 개요. 상인회명 주요업종. 상인회 고유번호 조직화 연월일사업 추진구역 주소. (약도 첨부). (예). 대표자명 . 대표자 연락처. 대표자 이메일. 담당자명 . 담당자 연락처. 담당자 이메일. 온라인 판매 활용 점포 수. (지원사업 참가 상인회원). 지원 사업 참가 상인 회원 중 온라인판매 활용 점포 수() 개.  - 온라인 마켓 및 홈페이지 URL 보유 여부로 증빙*. □ 찾아가는 라이브커머스 참가 상인회 점포(10개 점포). 순 번 점포명 대표자명 상품명 소상공인부. (해당/비해당). 홈페이지 . URL*. 배달․배송 . 시스템 및 . 방법. AS 및 CS . 창구. 10. - 7 -. 【서식 제2호】. 2023년 스마트 성장지원. (온라인 마케팅 지원) . 운영계획서. 상인회명 : . 2023.  .  .. (           )상인회 : (직인). - 8 -. 1. 일반현황 및 상권특성 상인회 현황.  □ 회장(  명)  □ 부회장(   명)  □ 이사(   명)  □ 임원(    명)  .  □ 회원(    명). 상인회. 개요. 상인회명 주요업종. 상인회 고유번호 조직화 연월일사업 추진구역 주소. (약도 첨부). (예). 대표자명 . 대표자 연락처. 대표자 이메일. 담당자명 . 담당자 연락처. 담당자 이메일. 2. 운영계획(안).  지원필요성.  ◦.  골목상권 상인회의 상품판매 및 전략방안.  ◦.  골목상권 상인회의 판로계획(안) .  ◦. - 9 -. 3. 상품 적합성.  참여 상품의 라이브커머스 적합성.   * 참여 상인회원 상품의 라이브커머스 및 온라인 판매 적합성 기술 순 번 점포명 대표자명 상품명 라이브커머스 적합성. 10.  차별 및 특화요소.    * 참여상품의 경쟁요소, 특장점, 대중성 등 차별점 및 특화요소 기술 순 번 점포명 대표자명 상품명 상품의 경쟁력, 특화성(특장점), 대중성 등. 10. - 10 -.",4015,"[-0.013538457453250885, -0.016027897596359253, 0.0069158668629825115, -0.020338378846645355, -0.03459297493100166, 0.014118189923465252, -0.02261638641357422, -0.004569655749946833, -0.020079202950000763, -0.012849599123001099, 0.0035261374432593584, -0.00043160226778127253, -0.014554694294929504, -0.005282385740429163, -0.009514432400465012, 0.0057393512688577175, 0.014036345295608044, -0.03745753690600395, 0.013190618716180325, -0.014022705145180225, 0.03355627879500389, 0.0031510163098573685, -0.0006232123705558479, 0.0013785696355625987, 0.012986007146537304, 0.028863854706287384, 0.017460176721215248, -0.008539117872714996, 0.014950276352465153, 0.024662500247359276, 0.013695326633751392, -0.003925129771232605, -0.0020955621730536222, 0.0032925393898040056, -0.005544970277696848, -0.006094011012464762, 0.01890609785914421, -0.02002464048564434, 0.01478658802807331, -0.027622545138001442, 0.009371204301714897, 0.03194666653871536, 0.012624526396393776, -0.011915206909179688, -0.010598872788250446, 0.043077532202005386, 0.006070139817893505, -0.02428055927157402, 9.058319847099483e-05, 0.036448121070861816, -0.011915206909179688, 0.031428318470716476, -0.026885945349931717, 0.0009548534289933741, -0.008150355890393257, -0.013061030767858028, -0.0011824836255982518, 0.01722828485071659, 0.002617321442812681, -0.0027793054468929768, 0.0027707801200449467, -0.00795256532728672, -0.03328346461057663, 0.009343923069536686, -0.013088312931358814, -0.0030657616443932056, -0.028236379846930504, 0.006206547375768423, -0.02631303295493126, 0.0003045726625714451, 0.026817740872502327, 0.03281967714428902, 0.018019448965787888, -0.01737833209335804, 0.026422159746289253, -0.02687230333685875, -0.006298622582107782, -0.012604065239429474, 0.008409530855715275, 0.006448670756071806, 0.008825574070215225, -0.0034852151293307543, -0.024157792329788208, 0.004907264839857817, 0.012010692618787289, 0.02148420177400112, -0.00648959307000041, 0.02317565679550171, -0.028509195894002914, 0.002436581300571561, 0.020406581461429596, 0.011103581637144089, -0.007161400746554136, 0.015345859341323376, -0.029818708077073097, 0.009446228854358196, -0.018033089116215706, 0.020256534218788147, -0.002525246236473322, -0.012610886245965958, 0.0006628558621741831, -0.008709627203643322, -0.034647539258003235, -0.010285135358572006, -0.03947636857628822, -0.01576872169971466, 0.008736909367144108, 0.0015149773098528385, -0.0004428985412232578, -0.001445920905098319, -0.019697261974215508, 0.022152598947286606, -0.01653260551393032, -0.017187362536787987, 0.008354967460036278, 0.006752178072929382, -0.0022387902718037367, 0.015073043294250965, 0.004330942407250404, 0.004842470865696669, 0.004975468385964632, 0.013668045401573181, 0.02756798267364502, -0.01793760433793068, 0.015686877071857452, -0.028727447614073753, -0.035411421209573746, -0.03014608658850193, 0.0024246457032859325, -0.02567191608250141, 0.040376659482717514, 0.01318379770964384, 0.019424447789788246, 0.025931091979146004, -0.024826189503073692, 0.011430960148572922, -0.010830766521394253, 0.0017400499200448394, -0.04160432890057564, -0.04899762198328972, 0.013647584244608879, 0.012822317890822887, -0.004740165080875158, -0.020120125263929367, 0.00759108504280448, -0.0002493702049832791, 0.0405949130654335, 0.007625186815857887, 0.014350082725286484, 0.013108774088323116, 0.01654624566435814, -0.019901873543858528, 0.002753729233518243, 0.01736469194293022, 0.031564727425575256, -0.011505983769893646, 0.01841503009200096, 0.033447153866291046, -0.008593681268393993, -0.006820381619036198, 0.027513420209288597, -0.009671301580965519, -0.007277347147464752, 0.011062659323215485, -0.013954500667750835, 0.030309775844216347, 0.012760934419929981, 0.020392941311001778, 0.003989923279732466, -0.007236424833536148, -0.009037005715072155, 0.019765466451644897, -0.013654404319822788, 0.01744653657078743, -0.032274045050144196, 0.03306521102786064, 0.0016385967610403895, 0.011171785183250904, -0.025099005550146103, -0.00027835683431476355, -0.003638673573732376, -0.02085672691464424, 0.01729648746550083, 0.015223092399537563, 0.0017664788756519556, 0.014772946946322918, 0.01780119724571705, -0.003989923279732466, 0.0021023827139288187, -0.011376396752893925, 0.016137022525072098, 0.03281967714428902, 0.013245181180536747, -0.0014962212881073356, -0.6093601584434509, 0.006206547375768423, 0.005060723051428795, -0.018333185464143753, 0.005599533207714558, 0.008498195558786392, 0.030391620472073555, 0.0119629492983222, -0.02880929224193096, 0.018046729266643524, -0.007584264501929283, 0.007666109129786491, -0.0214296393096447, -0.014813869260251522, -0.010571591556072235, -0.01675085723400116, 0.007877540774643421, -0.008198099210858345, 0.02134779468178749, 0.03126462921500206, -0.004092229064553976, -0.01570051908493042, -0.0038125934079289436, 0.01941080577671528, -0.0035568291787058115, 0.02930036000907421, 0.007836618460714817, -0.002194457920268178, 0.0012472773669287562, 0.024171432480216026, -0.015032120980322361, 0.01717372052371502, 0.015891488641500473, 0.004706063307821751, 0.03808500990271568, -0.005746171809732914, -0.022561822086572647, 0.029627738520503044, 0.014336442574858665, 0.02826366201043129, -0.028945699334144592, -0.007741133216768503, 0.012106177397072315, -0.019506292417645454, 0.0012455722317099571, 0.026326673105359077, 0.003942180424928665, -0.0012165856314823031, -0.0015311756869778037, -0.03707559406757355, -0.025985654443502426, 0.005480176769196987, 0.0029327641241252422, -0.001710210694000125, 0.010564771480858326, 0.02155240625143051, 0.004412787035107613, -0.004146791994571686, 0.0025729890912771225, 0.0052857957780361176, 0.017405614256858826, -0.01154690608382225, -0.005579072050750256, -0.03732112795114517, -0.034783948212862015, 0.02715875953435898, -0.03399278223514557, 0.015386780723929405, 0.005971244070678949, -0.011574188247323036, -0.02441696636378765, 0.008941520005464554, -0.009780427441000938, -0.010135087184607983, 0.018510516732931137, 0.017323769629001617, 0.03475666418671608, 0.007822978310286999, -0.0212795902043581, 0.02636759541928768, -0.014213675633072853, -0.002175701782107353, 0.02323021925985813, -0.018183138221502304, 0.002271187026053667, -0.02107497863471508, -0.016232509166002274, -0.03298336640000343, 0.01151280477643013, 0.006223598495125771, 0.014663821086287498, 0.017964884638786316, 0.011485522612929344, 0.0008060838445089757, -0.001410966506227851, 0.022152598947286606, -0.016518965363502502, 0.014186394400894642, -0.012931443750858307, -0.014240956865251064, -0.031510163098573685, -0.0020955621730536222, -0.01695546880364418, 0.012808676809072495, 0.03260142356157303, 0.027049634605646133, -0.03879433125257492, -0.025139927864074707, 0.03592976927757263, -0.0379486046731472, -0.005514278542250395, 0.017078235745429993, -0.020461145788431168, 0.004068357869982719, 0.0015661302022635937, -0.01765114814043045, 0.011144503951072693, 0.016696294769644737, 0.009964577853679657, -0.005712069571018219, 0.030036961659789085, -0.015564111061394215, 0.02107497863471508, -0.006922687403857708, -0.011008095927536488, 0.007502419874072075, -0.003256732365116477, 0.0024178253952413797, -0.01339522935450077, -0.005947372876107693, -0.02261638641357422, -0.028154535219073296, 0.020283814519643784, -0.018796972930431366, 0.023816773667931557, -0.0119629492983222, 0.004828830249607563, -0.008232200518250465, 0.009794068522751331, -0.015195810236036777, -0.019765466451644897, -0.0012114703422412276, 0.026626769453287125, -0.03964005783200264, -0.016382556408643723, -0.03385637328028679, -0.021184105426073074, 0.006561207119375467, -0.005319897551089525, -0.003942180424928665, -0.025917449966073036, 0.010196470655500889, 0.0055586108937859535, 0.016559887677431107, -0.003590930951759219, 0.011362755671143532, 0.015073043294250965, -0.003048710525035858, -0.011001275852322578, -0.014431927353143692, 0.002487734192982316, 0.008129894733428955, -0.020147407427430153, -0.025453664362430573, 0.005984885152429342, -0.019929155707359314, -0.025917449966073036, 0.021511483937501907, 0.01151962485164404, -0.03467481955885887, -0.004197944886982441, 0.012508580461144447, -0.020011000335216522, 0.02519449032843113, 0.006660102866590023, -0.0026599487755447626, 0.0018636692548170686, 0.01367486547678709, -0.0026787049137055874, 0.004978878889232874, 0.0035636494867503643, -0.00879147183150053, -0.016177944839000702, -0.008934699930250645, 0.00432753236964345, -0.0007225341978482902, -0.0034954457078129053, 0.006837432738393545, -0.022002551704645157, -0.0013683390570804477, -0.0034954457078129053, 0.03773035109043121, -0.003816003678366542, 0.016505323350429535, -0.009528073482215405, 0.007250065915286541, -0.0033948449417948723, 0.015468625351786613, -0.00287990621291101, 0.026135703548789024, 0.02938220463693142, 0.01367486547678709, 0.014554694294929504, -0.018305905163288116, 0.012290327809751034, -0.005105055868625641, 0.010571591556072235, -0.028372788801789284, 0.016996391117572784, 0.0017920553218573332, 0.009548534639179707, -0.01946537010371685, -0.015100325457751751, 0.014227316714823246, -0.0015090095112100244, 0.024403326213359833, -0.017323769629001617, 0.0027588445227593184, -0.016437120735645294, 0.01751474104821682, 0.018892457708716393, -0.00997821893543005, 0.01710551790893078, -0.021879784762859344, 0.00938484538346529, 0.013538457453250885, 0.0003570043481886387, 0.025630993768572807, 0.010510208085179329, -0.014554694294929504, -0.027254246175289154, 0.005125517025589943, 0.005415383260697126, 0.02303924970328808, 0.020256534218788147, -0.014732024632394314, 0.038685206323862076, -0.019165271893143654, 0.030964532867074013, 0.004685602150857449, 0.012733652256429195, 0.028836574405431747, 0.01773299276828766, -0.02134779468178749, 0.0267222560942173, -0.014527413062751293, 0.01939716562628746, 0.001699980115517974, -0.021402357146143913, 0.01255632285028696, -0.04108598083257675, 0.02282099798321724, 0.002310404321178794, -0.014963917434215546, 0.02092493139207363, -0.017542021349072456, -0.008668704889714718, 0.012378992512822151, 0.0018790151225402951, 0.029436767101287842, 0.014295520260930061, 0.011199066415429115, 0.012604065239429474, -0.0009829874616116285, 0.000550745811779052, 0.01029195636510849, -0.003256732365116477, -0.011587828397750854, 0.0025201309472322464, -0.022657308727502823, 0.009664480574429035, -0.006448670756071806, -0.010332878679037094, -0.0013726018369197845, -0.01836046762764454, -0.011008095927536488, 0.009357564151287079, -0.02170245535671711, -0.02183886244893074, 0.01305421069264412, -0.015809644013643265, -0.005684788338840008, -0.006847663316875696, 0.02275279350578785, -0.0014578566187992692, -0.020747601985931396, -0.02763618715107441, 0.010319237597286701, -0.006540745962411165, 0.03767579048871994, -0.02785443887114525, 0.0019813207909464836, -0.0025405921041965485, -0.015536829829216003, -0.021593328565359116, -0.014172753319144249, 0.00918023381382227, -0.007700210902839899, -0.030473465099930763, -0.005343769211322069, -0.0008883547270670533, 0.014963917434215546, -0.015468625351786613, -0.02973686344921589, 0.05603625625371933, 0.01430916041135788, -0.03486579284071922, -0.015045762062072754, 0.004706063307821751, -0.011744697578251362, -0.0011040492681786418, -0.011451421305537224, -0.017078235745429993, -0.005429023876786232, -0.004317301791161299, 0.0022882381454110146, -0.000909668393433094, -0.0093916654586792, 0.011471882462501526, -0.0036864164285361767, 0.0026275520212948322, -0.00798666663467884, -0.015618674457073212, -0.005231232848018408, 0.07655196636915207, 0.005122106522321701, 0.012924623675644398, 0.007215963676571846, -0.024021385237574577, 0.015932410955429077, -0.013006468303501606, -0.024048665538430214, 0.0004475875466596335, 0.0060223969630897045, -0.00046421223669312894, -0.00570524949580431, 0.011417319066822529, -0.00875737052410841, 0.012597245164215565, 0.00990319438278675, -0.001041813287883997, 0.0036113921087235212, 0.02916395291686058, 0.027595264837145805, 0.012856419198215008, -0.023612162098288536, 0.005101645365357399, 0.049652379006147385, 0.02448517084121704, 0.010735280811786652, 0.016778139397501945, 0.02770438976585865, 0.010735280811786652, -0.01702367328107357, -0.02058391273021698, -0.00795256532728672, -0.0024860291741788387, 0.013252001255750656, -0.016928186640143394, 0.035138607025146484, 0.010448824614286423, 0.013538457453250885, 0.014622898772358894, 0.030664436519145966, 0.03502948209643364, 0.02351667545735836, 0.00505731301382184, 0.010285135358572006, 0.014391005039215088, -0.012072076089680195, 0.0018397979438304901, 0.006530515383929014, -0.005098235327750444, 0.011390037834644318, 0.025003518909215927, -0.010407902300357819, -0.03783947601914406, 0.01552318874746561, 0.0013743069721385837, 0.005077774170786142, -0.01378399133682251, -0.008443632163107395, 0.005674557760357857, -0.05338994786143303, -0.0033914349041879177, -0.05772770941257477, 0.019792748615145683, 0.008389069698750973, -0.026340315118432045, -0.007168221287429333, -0.03216492012143135, 0.006090600974857807, -0.03268326818943024, 0.0004411934351082891, -0.0072432453744113445, -0.018319545313715935, -0.017705710604786873, -0.02741793543100357, 0.011253629811108112, -0.010448824614286423, 0.029818708077073097, 0.017010031268000603, -0.0005788799026049674, 0.011465061455965042, 0.002803176874294877, -0.0214296393096447, -0.018264982849359512, -0.014336442574858665, 0.007829798385500908, 0.03522045165300369, -0.0020921521354466677, -0.014854791574180126, -0.035193171352148056, -0.0006939738523215055, -0.0019114119932055473, -0.010823945514857769, 0.0013930629938840866, -0.005272155161947012, -0.006128112785518169, -0.011212707497179508, 0.015932410955429077, -0.00886649638414383, -0.00032673892565071583, 0.0072227842174470425, 0.014240956865251064, -0.014841150492429733, -0.015877848491072655, 0.012058435007929802, -0.0035261374432593584, 0.03350171446800232, 0.009964577853679657, 0.005783683620393276, -0.0008909123716875911, 0.0199564378708601, 0.009439408779144287, -0.0025610532611608505, 0.02756798267364502, -0.016846342012286186, -0.0029651608783751726, 0.0013726018369197845, 0.0012481298763304949, -0.01766478829085827, 0.026967789977788925, -0.0060019358061254025, -0.00879147183150053, -0.02273915335536003, 0.02965502068400383, 0.014813869260251522, -0.012358531355857849, 0.008491375483572483, -0.012126638554036617, -0.014977558515965939, -0.0037307487800717354, -0.0070863766595721245, 0.00837542861700058, -0.0033283461816608906, -0.011478702537715435, -0.018401389941573143, 0.016996391117572784, -0.01480022817850113, -0.012508580461144447, 0.0014919585082679987, -0.004385505337268114, -0.030118806287646294, -0.004163843113929033, -0.0055824825540184975, -0.002479208866134286, -0.004232046660035849, 0.008402709849178791, -0.03669365495443344, -0.024307839572429657, -0.005698428954929113, 0.011212707497179508, 0.019097069278359413, -0.015223092399537563, -0.004440068732947111, -0.014977558515965939, -0.0043820952996611595, -0.00980088859796524, -0.020706679672002792, -0.014772946946322918, -0.028972981497645378, 0.04569655656814575, 0.016437120735645294, 0.030664436519145966, -0.008307225070893764, 0.014813869260251522, -0.012051614932715893, 0.02734973095357418, -0.007345551159232855, -0.027677109465003014, 0.007782055530697107, 0.0006283276597969234, 0.018128573894500732, 0.004122920800000429, 0.03104637749493122, 0.007134119514375925, -0.0032891291193664074, -0.0051391576416790485, 0.022507259622216225, -0.0006048826035112143, -0.0029668661300092936, -0.0205975528806448, -0.018455952405929565, -0.011737876571714878, -0.03740297257900238, 0.026776818558573723, -0.0056029437109827995, -0.050634514540433884, -0.004477580543607473, 0.016559887677431107, 0.02511264570057392, 0.026490362361073494, 0.016778139397501945, 0.0024127101060003042, -0.04605121910572052, 0.03371996805071831, 0.027581622824072838, -0.023066531866788864, 0.01563231460750103, -0.009037005715072155, -0.0249080341309309, -0.018469594419002533, -0.0016061998903751373, 0.02078852429986, -0.0016428594244644046, 0.006342954933643341, 0.004999339580535889, -0.004515092819929123, 0.0017784145893529058, -0.04847927391529083, -0.04174073785543442, 0.010837586596608162, -0.026544924825429916, -0.006963609717786312, -0.027936283499002457, 0.003040185198187828, -0.020542990416288376, 0.018101293593645096, -0.005555200856178999, -0.009514432400465012, 0.02323021925985813, 0.006431620102375746, -0.005221002269536257, 0.005122106522321701, 0.013633943162858486, 0.026353955268859863, -0.007768414914608002, 0.030718998983502388, 0.021934347227215767, 0.011533265933394432, -0.013552098535001278, 0.022207163274288177, -0.013190618716180325, -0.005810965318232775, 0.02624482847750187, 0.01570051908493042, -0.039258118718862534, -0.023066531866788864, 0.01932896114885807, 0.011710595339536667, -0.030064241960644722, -0.017255565151572227, 0.028591040521860123, 0.02743157558143139, 0.030528029426932335, 0.016096100211143494, 0.0025235412176698446, -0.038903456181287766, 0.030473465099930763, -0.003156131599098444, -0.0017332294955849648, -0.010892149992287159, -0.02022925205528736, 0.00725688599050045, 0.019765466451644897, -0.007659288588911295, 0.017596585676074028, 0.015168529003858566, -0.019069787114858627, -0.000959116208832711, -0.01661445014178753, -0.013313384726643562, 0.018646923825144768, -0.016587167978286743, 0.022657308727502823, 0.006008756347000599, 0.01654624566435814, 0.003560239216312766, 0.002194457920268178, -0.020352018997073174, -0.024730704724788666, -0.020965853706002235, 0.030828125774860382, -0.011874284595251083, -0.004965237807482481, 0.014431927353143692, 0.006608949974179268, -0.003925129771232605, 0.01304739061743021, 0.0023325704969465733, 0.0019097068579867482, -0.025249052792787552, -0.025876527652144432, 0.02212531864643097, 0.01668265461921692, -0.012188022024929523, -0.00836860854178667, -0.005967834033071995, -0.03175569698214531, -0.01988823339343071, -0.008109433576464653, 0.006844253279268742, 0.03983103111386299, -0.006595309358090162, 0.013688506558537483, -0.008730088360607624, 0.019438087940216064, -0.0119629492983222, -0.0034954457078129053, 0.003962641581892967, 0.03732112795114517, -0.014936636202037334, -0.007475138176232576, 0.012222124263644218, -0.0030759922228753567, 0.001347025390714407, -0.0015073043759912252, -0.002133074449375272, -0.025903809815645218, 0.0326559878885746, -0.004784497898072004, -0.0222617257386446, -0.013136055320501328, 0.0111308628693223, -0.011887925677001476, -0.01953357271850109, 0.022998327389359474, 0.03260142356157303, -0.00460375752300024, 0.003116914536803961, -0.0034766895696520805, -0.03808500990271568, 0.006936328019946814, -0.009466690011322498, 0.017078235745429993, 0.027240604162216187, -0.01612338237464428, 0.01186064351350069, -0.008136715739965439, -0.007386473473161459, -0.00958945695310831, -0.023107454180717468, -0.025985654443502426, -0.00023786081874277443, 0.017501099035143852, -0.0023325704969465733, -0.007495599333196878, -0.012992827221751213, -0.023134734481573105, -0.018101293593645096, -0.010585232637822628, -0.0021603559143841267, -0.009657660499215126, 0.012917802669107914, 0.01702367328107357, -0.0037307487800717354, 0.024607937783002853, -0.007973026484251022, -0.007488779257982969, -0.029900552704930305, -0.04820645973086357, -0.024335121735930443, 0.001303545432165265, -0.02217988111078739, 0.048151895403862, -0.009425767697393894, -0.027336090803146362, -0.035056762397289276, -0.003717107931151986, -0.026763178408145905, -0.0030759922228753567, 0.03279239684343338, 0.002056345110759139, 0.0011236579157412052, 0.025440024212002754, -0.0035568291787058115, 0.027363371104002, -0.026572206988930702, 0.01905614696443081, 0.00900290347635746, -0.013804452493786812, 0.024580655619502068, -0.013654404319822788, 0.003935360349714756, 0.011437780223786831, -0.04326850175857544, 0.0038466951809823513, 0.020392941311001778, 0.02526269480586052, 0.005725710652768612, 0.049106746912002563, -0.002792946295812726, -0.015454985201358795, 0.007420575246214867, -0.008723268285393715, -0.03996743634343147, -0.00823902152478695, 0.011785619892179966, -0.03230132907629013, -0.00493795657530427, 0.021388716995716095, -0.02595837228000164, -0.010407902300357819, 0.012754113413393497, -0.0007741133449599147, -0.01356573961675167, -0.0007860490004532039, 0.007441036403179169, -0.016764497384428978, 0.006025807466357946, 0.006462311837822199, 0.026081139221787453, 0.012181201949715614, 0.009834990836679935, 0.012863240204751492, 0.03104637749493122, -0.02804541029036045, -0.009241617284715176, 0.007481958717107773, 0.0011176900006830692, -0.0003165083471685648, 0.009814529679715633, 0.005074364133179188, 0.030091524124145508, -0.012065255083143711, 0.004221816081553698, -0.003638673573732376, 0.005217592231929302, 0.0008286763913929462, -0.023775851354002953, -0.03232860937714577, 0.0326559878885746, 0.0145137719810009, -0.019274398684501648, -0.025862887501716614, -0.011008095927536488, -0.009759966284036636, 0.004122920800000429, -0.018933380022644997, 0.010933072306215763, -0.006111062131822109, -0.014336442574858665, 0.020843086764216423, -0.021661533042788506, 0.012706371024250984, -0.011158144101500511, 0.00021036615362390876, -0.009630379267036915, 0.005858707707375288, 0.23287510871887207, 0.0072227842174470425, 0.002201278228312731, 0.03260142356157303, 0.006765818689018488, 0.016300711780786514, 0.04779723659157753, -0.002588334959000349, -0.0036148023791611195, 0.022084396332502365, -0.03661181032657623, -0.009480330161750317, 0.008900598622858524, -0.007788876071572304, -0.005947372876107693, -0.024798907339572906, -0.0309918150305748, -0.025972014293074608, -0.022630026564002037, 0.017555663362145424, 0.015727799385786057, 0.011001275852322578, -0.01917891390621662, -0.0033505125902593136, 0.008614142425358295, 0.008048050105571747, 0.01388629712164402, 0.0006151131819933653, -0.0004115674237255007, 0.007338730618357658, -0.016996391117572784, 0.010169189423322678, 9.383353608427569e-05, -0.004283199552446604, -0.020556630566716194, -0.015932410955429077, 0.02024289220571518, 0.002005192218348384, 0.005752991884946823, 0.03740297257900238, -0.0013615187490358949, 0.01193566806614399, 0.005848477128893137, -0.02604021690785885, 0.02268458902835846, 0.019901873543858528, -0.019588137045502663, -0.003983102738857269, -0.03314705565571785, -0.015509547665715218, -0.030664436519145966, -0.027868079021573067, 0.013538457453250885, 0.03579336404800415, 0.004463939927518368, -0.020952213555574417, -0.013224720023572445, -0.02385769598186016, -0.00907110795378685, 0.004596937447786331, -0.02497623860836029, 0.033665403723716736, -0.024676140397787094, 0.030118806287646294, -0.01849687471985817, -0.00868916604667902, -0.011751517653465271, 0.024676140397787094, 0.002457042457535863, -0.022575464099645615, -0.004307071212679148, -0.004276379477232695, -0.021088620647788048, 0.0077479537576437, -0.027022352442145348, -0.044141512364149094, 0.035193171352148056, -0.0008900598040781915, 0.035902488976716995, 0.02992783486843109, -0.01695546880364418, -0.0006057351711206138, 0.02436240389943123, -0.020747601985931396, -0.007215963676571846, -0.007816157303750515, -0.0012140279868617654, 0.001258360454812646, -0.0021484203170984983, -0.002213213825598359, 0.008450453169643879, 0.014950276352465153, -0.005903040524572134, -0.023284783586859703, -0.005715480074286461, -0.035766080021858215, 0.02058391273021698, 0.016273431479930878, -0.014882072806358337, 0.014909354038536549, -0.0029651608783751726, 0.0802076905965805, 0.001868784544058144, -0.0028287533205002546, 0.0023479163646698, -0.00959627702832222, 0.002202983247116208, 0.017883040010929108, 0.016914546489715576, -0.02734973095357418, 0.0015848862240090966, -0.027690749615430832, 0.023421190679073334, 0.006247469689697027, 0.003125439863651991, 0.0021126132924109697, 0.010380621068179607, -0.03251957893371582, -0.002832163590937853, -0.0016283661825582385, -0.004934546072036028, -0.027186041697859764, 0.00021057928097434342, 0.0018466183682903647, 0.01074210088700056, -0.03587520867586136, -0.004740165080875158, -0.005221002269536257, -0.01329292356967926, -0.04689694568514824, -0.00033270675339736044, -0.011451421305537224, 0.03418375179171562, -0.023216579109430313, -0.0030623513739556074, 0.008491375483572483, 0.01919255405664444, 0.005163028836250305, -0.00011807785631390288, -0.011083120480179787, -0.000959116208832711, -0.0042559183202683926, -0.0012941674795001745, -0.0055483803153038025, -0.014922995120286942, -0.030446184799075127, 0.00662941113114357, -0.004272968973964453, -0.00230187876150012, 0.015195810236036777, -0.005429023876786232, 0.003285718848928809, -0.00952125247567892, -0.012276686728000641, 0.01134229451417923, 0.004242277238518, -0.03224676474928856, -0.03538414090871811, 0.01905614696443081, 0.009568995796144009, -0.04506908357143402, -0.004774267319589853, 0.037784915417432785, -0.012815496884286404, -0.015264014713466167, 0.017596585676074028, -0.17427439987659454, 0.04007656127214432, 0.0402129702270031, -0.022848278284072876, 0.010135087184607983, 0.009473510086536407, 0.01898794248700142, -0.012474478222429752, 0.00064367352752015, -0.011274090968072414, 0.02198891155421734, 0.006967019755393267, -0.023434830829501152, -0.006755588110536337, 0.008750549517571926, 0.023762209340929985, -0.023489395156502724, 0.027199681848287582, 0.006356595549732447, -0.0022166240960359573, 0.0030845175497233868, -0.02790900133550167, -0.007284167688339949, 0.0119629492983222, -0.010578411631286144, 0.009964577853679657, -0.006097421050071716, -0.009132491424679756, -0.005974654573947191, -0.01653260551393032, 0.007263706531375647, -0.014131831005215645, 0.01807401143014431, -0.010571591556072235, -0.022084396332502365, -0.003737569088116288, -0.02261638641357422, 0.006452081259340048, -0.019247116521000862, 0.04269558936357498, -0.013040569610893726, 0.009234797209501266, -0.0024621577467769384, 0.018319545313715935, -0.036802779883146286, 0.01666901260614395, -0.0006232123705558479, 0.01743289642035961, 0.00889377761632204, -0.0029327641241252422, 0.0009267193963751197, -0.020120125263929367, 0.011894745752215385, 0.019438087940216064, 0.004324121866375208, 0.01773299276828766, 0.014186394400894642, -0.02889113686978817, -0.0070863766595721245, 0.007932104170322418, -0.00917341373860836, -0.019137991592288017, 0.02268458902835846, -0.01203115377575159, -0.006271340884268284, -0.0038535157218575478, -0.024676140397787094, 0.007556982804089785, -0.03977646678686142, 0.01827862299978733, -0.003816003678366542, 0.016696294769644737, 0.003986513242125511, -0.008389069698750973, 0.010285135358572006, -0.013347486965358257, 0.0034272419288754463, 0.007236424833536148, 0.011321833357214928, 0.010864867828786373, -0.012890521436929703, 0.009023364633321762, -0.014500131830573082, -0.010053242556750774, -0.0026957558002322912, 0.015673236921429634, 0.017896682024002075, 0.0033215258736163378, 0.0214296393096447, 0.012385813519358635, 0.011349115520715714, -0.020911291241645813, 0.0018602591007947922, -0.007352371700108051, 0.03194666653871536, 0.03947636857628822, -0.019028864800930023, 0.02073395997285843, -0.009043825790286064, 0.004532143473625183, -0.004491221159696579, -0.012010692618787289, -0.0060564992018043995, 0.004975468385964632, 0.026272110641002655, -0.0007903117220848799, 0.009077928029000759, 0.014500131830573082, 0.04373228922486305, -0.011710595339536667, -0.01926075853407383, 0.005872348789125681, 0.02003828063607216, 0.010517029091715813, 0.0009863977320492268, 0.0362844318151474, -0.03257414326071739, -0.017214642837643623, 0.01339522935450077, 0.022384492680430412, 0.046023935079574585, -0.04054034873843193, -0.006557797081768513, 0.011485522612929344, -0.003098158398643136, -0.004194534849375486, -0.07409662753343582, -0.025917449966073036, 0.026967789977788925, 0.03830326348543167, -0.0048254202120006084, 0.019015224650502205, 0.0004092229064553976, 0.008429992012679577, -0.03041890263557434, 0.002300173742696643, -0.029327642172574997, -0.020256534218788147, 0.010653436183929443, 0.036393556743860245, 0.02114318311214447, -0.016764497384428978, -0.004341172985732555, -0.01325882226228714, 0.02421235479414463, 0.030173368752002716, 0.0015414062654599547, -0.015141247771680355, 0.011533265933394432, -0.030746281147003174, -0.03153744339942932, -0.0016948648262768984, -0.021784299984574318, 0.008320866152644157, 0.0016684358706697822, 0.013517996296286583, -0.0011628750944510102, -0.02414415217936039, 0.01946537010371685, -0.0068954057060182095, 0.01060569379478693, -0.03587520867586136, -0.03969462215900421, -0.01932896114885807, 0.013818093575537205, -0.02916395291686058, 0.01252904161810875, 0.016450760886073112, 0.02121138758957386, -0.027049634605646133, 0.008450453169643879, -0.02051570825278759, -0.01612338237464428, 0.03622986748814583, 0.009016544558107853, -0.026053858920931816, -0.03063715435564518, -0.01245401706546545, -0.01973818428814411, -0.040867727249860764, 0.026217548176646233, -0.005787094123661518, 0.021115900948643684, 0.002908892696723342, -0.033392589539289474, 0.0036932367365807295, -0.01175833772867918, 0.02706327475607395, -0.017542021349072456, -0.027731671929359436, 0.031155504286289215, 0.024035025388002396, -0.021716095507144928, 0.007181861903518438, 0.008832394145429134, -0.004726524464786053, -0.00044630872434936464, -0.005012980662286282, -0.027295168489217758, 0.021047698333859444, -0.01848323456943035, -0.01049656793475151, -0.02399410307407379, -0.005449485033750534, 0.024171432480216026, -0.01829226315021515, -0.008709627203643322, -0.03301064670085907, 0.01619158685207367, -0.0016309238271787763, 0.018606001511216164, -0.0018244520761072636, -0.002143305027857423, 0.006421389523893595, 0.001559309777803719, -0.042122676968574524, 0.02078852429986, 0.00657484820112586, 0.005432433914393187, -0.009944116696715355, 0.007481958717107773, 0.00167099351529032, 0.008211739361286163, 0.012474478222429752, 0.017487458884716034, 0.020133767277002335, -0.03251957893371582, -0.04820645973086357, -0.08948341012001038, 0.03126462921500206, 0.009623558260500431, -0.015250373631715775, -0.035002198070287704, 0.005381281021982431, 0.022875560447573662, -0.01926075853407383, 0.01469110231846571, 0.0006180970813147724, 0.010066883638501167, 0.009214336052536964, -0.00026599489501677454, -0.027936283499002457, -0.0187833309173584, -0.032355889678001404, 0.029545893892645836, -0.013402050361037254, 0.013770350255072117, 0.002250725869089365, 0.01437736488878727, 0.00156954035628587, 0.014486490748822689, 0.01314969640225172, -0.014159112237393856, -0.0008683198248036206, -0.02323021925985813, 0.013552098535001278, -0.0018534387927502394, -0.0111308628693223, 0.013347486965358257, -0.010203290730714798, -0.020542990416288376, 0.006342954933643341, -0.004204765427857637, -0.02861832082271576, -0.0018943609902635217, 0.023393908515572548, 0.020774882286787033, 0.001976205501705408, -0.028918419033288956, -0.00885967630892992, -0.010626154951751232, -0.00617585564032197, -0.01458197645843029, 0.006380467209964991, -0.002320634899660945, -0.006288392003625631, 0.025903809815645218, 0.0008585155592299998, 0.003532957751303911, 0.0035943412221968174, 0.0006526252836920321, -0.010769383050501347, 0.009057466872036457, -0.021811580285429955, 0.01625978946685791, 0.03172841668128967, 0.01717372052371502, -0.0029566355515271425, 0.019915515556931496, -0.008293583989143372, 0.004112690221518278, -0.007898001931607723, 0.02297104522585869, -0.01729648746550083, -0.02205711416900158, 0.015264014713466167, -0.005681377835571766, -0.021879784762859344, -0.018183138221502304, -0.009316641837358475, 0.012576784007251263, 0.017760274931788445, -0.018319545313715935, 0.005858707707375288, 0.0037068775855004787, -0.007304628845304251, -0.015073043294250965, 0.009759966284036636, -0.006458901334553957, -0.003246501786634326, -0.006063319277018309, 0.008614142425358295, -0.007161400746554136, 0.03306521102786064, -0.03014608658850193, 0.010387441143393517, -0.018619641661643982, 0.004723114427179098, -0.039394523948431015, 0.01081030536442995, 0.020433863624930382, -0.02916395291686058, 0.0018670795252546668, 0.023625802248716354, 0.008559579029679298, 0.016423478722572327, 0.025289975106716156, 0.0007259443518705666, 0.022384492680430412, 0.013770350255072117, -0.0030077884439378977, -0.0015806234441697598, -0.019983718171715736, 0.01597333326935768, -0.014554694294929504, -0.011990231461822987, 0.004661730956286192, 0.009971397928893566, 0.01406362745910883, 0.002204688498750329, -0.001829567365348339, 0.014636538922786713, -0.00969858281314373, 0.014186394400894642, 0.005429023876786232, -0.019833670929074287, -0.025235412642359734, 0.03224676474928856, 0.0075365216471254826, 0.014813869260251522, 0.017896682024002075, -0.0008977327379398048, 0.029545893892645836, 0.01063979510217905, 0.017187362536787987, -0.031237348914146423, 0.014213675633072853, -0.014759305864572525, -0.023571239784359932, 0.024730704724788666, -0.0181422159075737, -0.003669365309178829, -0.007270527072250843, -0.000870451214723289, 0.01598697528243065, -0.0009574110736139119, 0.0004974615876562893, 0.07458769530057907, 0.02951861172914505, 0.016068819910287857, -0.007938924245536327, 0.010346518829464912, 0.010407902300357819, 0.0093916654586792, -0.01905614696443081, -0.014854791574180126, -0.024526093155145645, 0.01193566806614399, -0.02141599915921688, -0.01973818428814411, -0.062147319316864014, -0.010980814695358276, 0.0030657616443932056, -0.0014552989741787314, 0.03773035109043121, -0.013122414238750935, 0.02387133613228798, 0.026613129302859306, -0.005173259414732456, -0.004024025052785873, 0.03822141885757446, -0.014922995120286942, -0.002162060933187604, 0.0026428978890180588, -0.015946052968502045, 0.007461497560143471, -0.02951861172914505, -0.004047896713018417, 0.011328654363751411, -0.020079202950000763, -0.011567367240786552, -0.02211167849600315, -0.006772639229893684, -0.0024075948167592287, 0.00030713030719198287, 0.012597245164215565, 0.009296180680394173, 0.008088972419500351, 0.010858047753572464, -0.018796972930431366, -0.0005162176676094532, 0.01217438094317913, 0.003137375693768263, -0.010694358497858047, 0.002617321442812681, 4.762278422276722e-06]"
1,"카테고리 : 내수
공고 제목 : [경기] 2023년 골목상권 공동체 지원(스마트 성장 지원) 모집 공고
태그 : ['#내수', '#경기', '#교육', '#컨설팅', '#경기도', '#라이브커머스', '#홍보', '#온라인마케팅', '#골목상권', '#방송제작', '#경기도시장상권진흥원', '#2023']
소관부처·지자체 : 경기도
수행기관 : 경기도시장상권진흥원
신청기간 : 2023.03.22 ~ 2023.04.21
사업개요 : 온라인 판로개척이 필요한 경기도 골목상권을 대상으로 자생력을 강화하고 지역경제 활성화를 도모하기 위하여 소비트렌드를 반영한 골목상권 온라인 마케팅을 지원해 드리는 사업입니다.
☞ '경기도 골목상권 공동체 육성 및 활성화 지원 조례' 제6조에 따른 골목상권 공동체
☞ '찾아가는 라이브 커머스' 상품 컨설팅, 홍보 콘텐츠 운영, 방송제작 및 송출 등 지원",427,"[-0.006345799658447504, -0.01684459112584591, -0.000840262568090111, -0.024835852906107903, -0.036891162395477295, 0.015284653753042221, -0.021127579733729362, -0.017610877752304077, -0.020032886415719986, -0.00802546925842762, 0.0041222041472792625, -0.0010750229703262448, -0.020826539024710655, -0.00904490239918232, -0.006198700517416, 0.0015188867691904306, 0.014436266385018826, -0.041242565959692, -0.0073960209265351295, -0.018363477662205696, 0.025766341015696526, -0.00034743681317195296, 0.0030463258735835552, -0.004152992274612188, 0.008600183762609959, 0.025396881625056267, 0.01929396763443947, -0.01458678673952818, -0.0009125294163823128, 0.016748806461691856, 0.009113321080803871, -0.0060789682902395725, 0.010119070298969746, -0.01562674529850483, 0.004204306285828352, 0.013519461266696453, 0.019923416897654533, -0.013628930784761906, 0.010461161844432354, -0.021332833915948868, 0.0009133846615441144, 0.021606506779789925, 0.016570918262004852, -0.019882366061210632, -0.011446385644376278, 0.03423653170466423, 0.009831713512539864, -0.024931637570261955, -0.012951589189469814, 0.05260000750422478, -0.017857182770967484, 0.031116655096411705, -0.022454895079135895, -0.005630827974528074, 0.00805283710360527, -0.0092912083491683, 0.012130568735301495, 0.010810095816850662, -0.009489621967077255, -0.02304329164326191, 0.010009600780904293, -0.00986592285335064, -0.029912492260336876, 0.01276001799851656, -0.012116885744035244, -0.00619527930393815, -0.03883424028754234, 0.009776978753507137, -0.027859942987561226, 0.00015191006241366267, 0.02435692399740219, 0.03574173152446747, 0.0185413658618927, -0.018869774416089058, 0.013191052712500095, -0.02305697649717331, -0.013546828180551529, 0.002357011428102851, 0.029474614188075066, 0.00821019895374775, 0.008778071030974388, -0.01726878620684147, -0.02304329164326191, 0.009120162576436996, 0.005839504301548004, 0.011186395771801472, -0.0032857900951057673, 0.027408381924033165, -0.0206623338162899, -0.002391220536082983, 0.037712182849645615, 0.02145598642528057, 0.0012563314521685243, 0.01338946633040905, -0.026642095297574997, 0.012944746762514114, -0.0185413658618927, 0.02104547619819641, 0.0018387425225228071, -0.013238945975899696, -0.005405047908425331, -0.002245831536129117, -0.02884516678750515, -0.014545735903084278, -0.04001103714108467, -0.007916000671684742, -0.0002638381556607783, 0.003326841164380312, 0.019471855834126472, 0.006554475519806147, -0.020689701661467552, 0.020032886415719986, -0.010221697390079498, -0.017022479325532913, 0.007950209081172943, 0.0010869961697608232, 0.003886160906404257, 0.022550679743289948, 0.0043274592608213425, 0.009359627030789852, 0.0020132092759013176, 0.018212957307696342, 0.02837992087006569, -0.008695969358086586, 0.007279709912836552, -0.013375782407820225, -0.030651409178972244, -0.025738973170518875, 0.01232898235321045, -0.014340480789542198, 0.03776691481471062, 0.0067049958743155, 0.02758626826107502, 0.031198756769299507, -0.015941468998789787, 0.01643408089876175, -0.008805438876152039, 0.011234289035201073, -0.04627815634012222, -0.05060219392180443, 0.013362099416553974, 0.017610877752304077, 0.00034123638761229813, -0.005100585985928774, 0.007799689192324877, -0.007218133192509413, 0.03264922648668289, 0.010180646553635597, 0.02764100395143032, 0.010481687262654305, 0.0227148849517107, -0.0021397832315415144, 0.021606506779789925, 0.014928878284990788, 0.031198756769299507, -0.014039440080523491, 0.017911918461322784, 0.03160926699638367, -0.009441728703677654, 0.002254383871331811, 0.03013143129646778, -0.014573103748261929, -0.002500689821317792, -0.0015667796833440661, -0.015927786007523537, 0.019499223679304123, 0.020498130470514297, 0.008299143053591251, -0.0004391601250972599, -0.017597192898392677, 0.010748518630862236, 0.01808980479836464, 0.000931344460695982, 0.0038587935268878937, -0.029036737978458405, 0.046798136085271835, 0.008627550676465034, 0.004464295692741871, -0.024931637570261955, 0.006024233531206846, -0.008634393103420734, -0.007170240394771099, 0.007067612838000059, 0.025807391852140427, 0.0039785257540643215, 0.019704477861523628, 0.012322140857577324, -0.0014376400504261255, 0.002757258480414748, -0.0025400302838534117, 0.013717873953282833, 0.026819983497262, 0.009188581258058548, 0.005545305088162422, -0.6003297567367554, 0.0008248684462159872, 0.0076012760400772095, -0.016707755625247955, 0.02713470719754696, -0.0033319725189357996, 0.0205802321434021, 0.01458678673952818, -0.018240325152873993, 0.01219214592128992, -0.008976484648883343, 0.005021905060857534, -0.02424745447933674, -0.007060771342366934, 0.0033080261200666428, -0.024945320561528206, 0.01724141836166382, -0.013690507039427757, 0.015366756357252598, 0.025697922334074974, 0.00034401589073240757, -0.02717575803399086, -0.0008158885175362229, 0.031554531306028366, 0.01011222880333662, 0.04159834235906601, 0.0009219369385391474, 0.008990167640149593, -0.0012691599549725652, 0.026450524106621742, -0.020251823589205742, 0.024863218888640404, 0.007970734499394894, 0.00217057135887444, 0.05238106846809387, 0.0023296440485864878, -0.019225548952817917, 0.014504685066640377, 0.01009170338511467, 0.038067955523729324, -0.04397929832339287, -0.007963893003761768, 0.019143447279930115, -0.01817190647125244, -0.01252739503979683, 0.028270451352000237, 0.011884262785315514, -0.007409704849123955, -0.002237279200926423, -0.03456493839621544, -0.034811243414878845, 0.0035269646905362606, 0.0021141262259334326, -0.007662852294743061, 0.007813372649252415, 0.01860978454351425, 0.006882883608341217, -0.0021397832315415144, 0.0035611737985163927, 0.014518368989229202, 0.007464439142495394, 0.00629790686070919, -0.019088713452219963, -0.0453202985227108, -0.03171873465180397, 0.0165024995803833, -0.026176851242780685, 0.022495945915579796, 0.015804633498191833, -0.022947506979107857, -0.016653019934892654, 0.00691025098785758, -0.01981394737958908, 2.2877376977703534e-05, 0.020785488188266754, 0.014299429953098297, 0.03333340957760811, 0.00421798974275589, -0.031089287251234055, 0.025780025869607925, -0.01402575708925724, -0.0016676966333761811, 0.01570884697139263, -0.004087994806468487, 0.010139595717191696, -0.028927268460392952, -0.03051457367837429, -0.027873625978827477, 0.02305697649717331, 0.009168055839836597, 0.014053124003112316, 0.022099118679761887, 0.01232898235321045, 0.018007703125476837, 0.008087046444416046, 0.03002196177840233, -0.01860978454351425, 0.020320242270827293, 0.003564594779163599, -0.01602357253432274, -0.022482261061668396, -0.0016907878452911973, -0.014080490916967392, 0.003224213607609272, 0.04080468788743019, 0.02560213766992092, -0.027025237679481506, -0.0287630632519722, 0.03456493839621544, -0.033552348613739014, -0.003099350258708, 0.007902316749095917, -0.012342666275799274, 0.00881912186741829, 0.0024699014611542225, -0.01934870332479477, 0.007033403962850571, 0.007635484915226698, 0.01007117796689272, 0.004293249920010567, 0.01856873370707035, -0.010666416957974434, 0.008408612571656704, 0.008292300626635551, -0.01936238631606102, 0.021497037261724472, 0.011022192426025867, -0.0060344962403178215, -0.009708560071885586, -0.01069378387182951, -0.01486046053469181, -0.030295634642243385, 0.031472429633140564, -0.01930765062570572, 0.03259449079632759, -0.011692691594362259, 0.0017053267220035195, -0.005514516960829496, 0.008401770144701004, -0.01155585516244173, -0.028297819197177887, -0.006749467924237251, 0.0164614487439394, -0.029994593933224678, 0.0006444150931201875, -0.0226190984249115, -0.026122117415070534, -0.0034157847985625267, -0.010810095816850662, 0.007300235331058502, -0.030651409178972244, 0.015996204689145088, -0.006328694988042116, 0.003971683792769909, -0.010892197489738464, 8.856965723680332e-05, 0.01808980479836464, -0.002203070092946291, -0.02105916105210781, -0.009400677867233753, 0.0008573671220801771, -0.004248777870088816, -0.016297245398163795, -0.01610567420721054, -0.005203213542699814, -0.017474040389060974, -0.027066290378570557, 0.022536996752023697, 0.01644776575267315, -0.0370827317237854, -0.01259581372141838, 0.009263841435313225, -0.01732352003455162, 0.024124301970005035, 0.011610589921474457, -0.0013598141958937049, -0.011843211948871613, 0.008107571862637997, -0.000776120403315872, 0.007546541281044483, 0.0034568358678370714, -0.002456217771396041, -0.03533122316002846, -0.006930776406079531, 0.002091890200972557, 0.01259581372141838, -0.0022441211622208357, 0.019088713452219963, -0.018705571070313454, 0.008039153181016445, -0.01733720302581787, 0.03828689455986023, -0.014969930052757263, 0.01930765062570572, 0.01091956440359354, -0.0002279185428051278, 0.002841070992872119, 0.014532051980495453, 0.0034722299315035343, 0.026067381724715233, 0.038095325231552124, 0.006308169569820166, 0.035686999559402466, -0.011377967894077301, 0.01724141836166382, -0.005018484313040972, 0.0056855627335608006, -0.020894955843687057, 0.024917954578995705, -0.0035509110894054174, 0.01777508109807968, -0.012725808657705784, -0.02920094132423401, 0.009386993944644928, 0.006445006467401981, 0.02059391513466835, -0.02438429184257984, -0.01566779613494873, -0.02305697649717331, -0.007491806522011757, 0.02348116971552372, -0.023659056052565575, 0.018431896343827248, -0.024096934124827385, 0.0185550507158041, 0.017460357397794724, 0.004029839299619198, 0.029392512515187263, 0.006554475519806147, 0.007033403962850571, -0.020621282979846, 0.013676823116838932, 0.008716494776308537, 0.019704477861523628, 0.015270969830453396, -0.02716207504272461, 0.02755890227854252, -0.01736457087099552, 0.03981946408748627, 0.0024972688406705856, 0.022400159388780594, 0.0246579647064209, 0.011877421289682388, -0.019950782880187035, 0.02348116971552372, -0.020101303234696388, 0.031910307705402374, -0.004690076224505901, -0.025793708860874176, 0.010050651617348194, -0.03741114214062691, 0.017446672543883324, 5.337163747753948e-05, -0.015366756357252598, 0.020292874425649643, -0.014039440080523491, -0.012883170507848263, 0.012821594253182411, 0.005966078024357557, 0.027038922533392906, 0.006588684860616922, 0.001753219636157155, 0.013307364657521248, -0.0030582991894334555, -0.005076639819890261, 0.017583509907126427, -0.0019208445446565747, 0.0007085572578944266, -0.01356735359877348, -0.03092508390545845, 0.015147817321121693, -0.0154488580301404, -0.006133703049272299, 5.869009328307584e-05, -0.007751796394586563, -0.01461415458470583, 0.0024887165054678917, -0.019896049052476883, -0.024630596861243248, 0.007505490444600582, -0.015982521697878838, -0.010550105944275856, 0.009202265180647373, 0.017911918461322784, -0.005278473719954491, -0.01440889947116375, -0.01977289654314518, 0.0018763726111501455, -0.012746334075927734, 0.027942044660449028, -0.020812854170799255, 0.011179554276168346, -0.005545305088162422, -0.008223882876336575, -0.03128085657954216, -0.020292874425649643, 0.006202121265232563, -0.005921605974435806, -0.01941712014377117, -0.005127953365445137, -0.005880555137991905, 0.011384809389710426, 0.0030138271395117044, -0.019198182970285416, 0.05032851919531822, 0.021510722115635872, -0.020826539024710655, -0.020046569406986237, -0.00698893191292882, -0.010618523694574833, -0.004279566463083029, -0.005240843631327152, -0.019896049052476883, 0.004895331338047981, -0.01486046053469181, -0.005610302556306124, 0.00031023434712551534, -0.012807910330593586, 0.015188868157565594, -0.0008612156962044537, 0.014737307094037533, -0.012520553544163704, -0.02517794445157051, 0.004505346529185772, 0.07728534191846848, -0.011425860226154327, 0.013492093421518803, 0.005815557669848204, -0.027394697070121765, 0.009229632094502449, -0.013957338407635689, -0.026231585070490837, 0.00019125059770885855, 0.0065134246833622456, -0.007197607774287462, 0.0053947847336530685, 0.00927068293094635, -0.0033815756905823946, 0.013663139194250107, 0.0185413658618927, -0.006171333137899637, 0.001963605871424079, 0.023631690070033073, 0.027066290378570557, 0.01774771325290203, -0.03171873465180397, 0.006246593315154314, 0.04293934255838394, 0.02304329164326191, -0.0010519317584112287, 0.028598859906196594, 0.038505833595991135, 0.0018045332981273532, -0.011343758553266525, -0.016365664079785347, -0.008217040449380875, -0.004190622363239527, 0.007532857824116945, -0.02059391513466835, 0.027463115751743317, 0.016707755625247955, 0.021565455943346024, 0.021497037261724472, 0.022044384852051735, 0.03174610435962677, 0.02186649665236473, 0.003598803887143731, 0.0004605408466886729, 0.01214425265789032, -0.019950782880187035, -0.0016189486486837268, 0.000215410822420381, 0.0056855627335608006, 0.0014119831612333655, 0.016379347071051598, -0.012342666275799274, -0.048029664903879166, 0.0017617718549445271, 0.008524923585355282, 0.008093887940049171, -0.014573103748261929, -0.0020559707190841436, 0.00023497418442275375, -0.04575817659497261, 0.0013726426986977458, -0.05610302835702896, 0.019485538825392723, 0.00821019895374775, -0.02679261565208435, -0.0036124875769019127, -0.017829814925789833, -0.0006747757433913648, -0.032703958451747894, 0.004484821110963821, -0.011364283971488476, -0.0165572352707386, -0.021579138934612274, -0.03552279621362686, 0.012260563671588898, -0.011289023794233799, 0.03615224361419678, 0.010488529689610004, -0.004580606706440449, 0.007922842167317867, -0.007991260848939419, -0.01090588141232729, -0.022523311898112297, -0.02302960865199566, 0.006978669203817844, 0.031034551560878754, 0.0014034309424459934, -0.0073549700900912285, -0.012465818785130978, -0.0010194330243393779, -0.008921749889850616, -0.01483309268951416, 0.000620896287728101, 0.001522307749837637, -0.003410653444007039, -0.0038485308177769184, 0.02305697649717331, -0.010960616171360016, -0.004823491908609867, 0.0015684900572523475, 0.01814454048871994, -0.022441210225224495, -0.024042200297117233, 0.006622893735766411, -0.009763294830918312, 0.03144506365060806, 0.023754842579364777, 0.007040245458483696, -0.00515874195843935, 0.01730983704328537, 0.019061345607042313, -0.003817742457613349, 0.03409969434142113, -0.012424767948687077, 0.002764100441709161, -0.006899988278746605, -0.0022988556884229183, -0.021223364397883415, 0.03043247200548649, -0.009982233867049217, -0.016584601253271103, -0.02018340677022934, 0.02513689361512661, 0.00986592285335064, -0.018240325152873993, 0.014668889343738556, -0.016297245398163795, -0.02348116971552372, 0.004539555869996548, -0.010201171971857548, -0.0047619156539440155, -0.0015453989617526531, -0.01856873370707035, -0.013259471394121647, 0.012110043317079544, -0.013916287571191788, -0.017131948843598366, 0.00030510296346619725, -0.006013970822095871, -0.03464704006910324, -0.009633299894630909, -0.011603748425841331, 0.002468191087245941, 0.004046943970024586, 0.009982233867049217, -0.026874717324972153, -0.027490483596920967, -0.0205802321434021, 0.008565974421799183, 0.018021386116743088, -0.022742250934243202, 0.009995917789638042, -0.0011981759453192353, -0.010160121135413647, -0.015886735171079636, -0.021278100088238716, -0.029912492260336876, -0.012910538353025913, 0.03240291774272919, 0.018308743834495544, 0.04365089163184166, -0.011453228071331978, 0.015489908866584301, -0.004197464324533939, 0.030405104160308838, -0.015763582661747932, -0.013882078230381012, 0.010652733035385609, 0.008134938776493073, 0.014559419825673103, 0.009195422753691673, 0.03535858914256096, 0.02181176282465458, -0.009222790598869324, -0.007341286167502403, 0.012506869621574879, 0.006116598378866911, -0.004070890136063099, -0.02601264789700508, -0.008162306621670723, -0.0072660259902477264, -0.024603229016065598, 0.020470762625336647, -0.010666416957974434, -0.05525463819503784, -0.008983326144516468, 0.018240325152873993, 0.01900660991668701, 0.019458170980215073, 0.009024376980960369, -0.0011015350464731455, -0.046360258013010025, 0.021524405106902122, 0.019211865961551666, -0.002781204879283905, 0.01722773350775242, -0.016735121607780457, -0.021921232342720032, -0.036453284323215485, 0.008716494776308537, 0.024794802069664, 0.010714310221374035, 0.013047374784946442, 0.01318421121686697, -0.008853331208229065, 0.022509628906846046, -0.053639966994524, -0.029857756569981575, 0.006362904328852892, -0.033579714596271515, -0.009243316017091274, -0.011289023794233799, 0.022071752697229385, -0.025027424097061157, 0.016598286107182503, -0.0009236473706550896, -0.014573103748261929, 0.02383694425225258, 0.00990697368979454, -0.011117978021502495, 0.00472770631313324, 0.01257528830319643, 0.018445581197738647, -0.006780256051570177, 0.020361293107271194, 0.018637152388691902, 0.006164491176605225, -0.01897924393415451, 0.01600988768041134, -0.0165024995803833, -0.003395259380340576, 0.022359108552336693, 0.012664232403039932, -0.03634381294250488, -0.012438451871275902, 0.02761363610625267, 0.009975391440093517, -0.028653595596551895, -0.010933248326182365, 0.03125349059700966, 0.016735121607780457, 0.026518942788243294, 0.0165161844342947, -0.004686655476689339, -0.035686999559402466, 0.03341551125049591, 0.003622750286012888, -0.011815845035016537, -0.018377162516117096, -0.00970171857625246, 0.00801178626716137, 0.027777839452028275, 0.0031763208098709583, 0.01735088787972927, 0.02352222055196762, -0.028571492061018944, 0.001624935190193355, -0.012267406098544598, -0.0185003150254488, 0.022892771288752556, -0.0164203979074955, 0.028544126078486443, 0.0051484787836670876, 0.012712124735116959, 0.018363477662205696, -0.0008167437626980245, -0.02229068987071514, -0.02352222055196762, -0.019102396443486214, 0.03987419977784157, -0.011377967894077301, -0.003294342430308461, 0.020867589861154556, 0.006250014062970877, 0.0017130238702520728, 0.0039340537041425705, -0.006414217874407768, 0.0013931681169196963, -0.018418213352560997, -0.024028515443205833, 0.020114988088607788, 0.00319000449962914, -0.019649742171168327, -0.0010391033720225096, -0.0016582891112193465, -0.007567066699266434, -0.035303857177495956, -0.013273155316710472, 0.007861265912652016, 0.042200423777103424, -0.022906456142663956, -0.0002064309228444472, -0.013444201089441776, 0.026683146134018898, -0.010625366121530533, -0.008470188826322556, 0.01013275422155857, 0.043486688286066055, -0.009811188094317913, -0.018828723579645157, 0.004946644883602858, 0.008244408294558525, -0.0038622145075351, 0.0005588922067545354, 0.005818978417664766, -0.01644776575267315, 0.02546530030667782, -0.01094008982181549, -0.018623467534780502, -0.01067325845360756, -0.003489334601908922, -0.009366468526422977, -0.019526589661836624, 0.02300224080681801, 0.024589546024799347, 0.0036706430837512016, -0.006982089951634407, 0.0055863563902676105, -0.03984683379530907, -0.004392456263303757, -0.006766572594642639, 0.008305984549224377, 0.03825952857732773, -0.0038519517984241247, 0.02101811021566391, -0.012506869621574879, 0.005121111869812012, 0.0051963720470666885, -0.02012867107987404, -0.017569825053215027, 0.0014786910032853484, 0.017829814925789833, -0.017214050516486168, -0.02390536293387413, -0.003205398563295603, -0.032786060124635696, -0.021989649161696434, -0.0066160522401332855, -0.020840222015976906, -0.008518081158399582, 0.008141780272126198, 0.023262230679392815, 0.005610302556306124, 0.0330597348511219, -0.025711607187986374, -0.011843211948871613, -0.02723049372434616, -0.04332248494029045, -0.021729659289121628, 0.007710745092481375, -0.01981394737958908, 0.04233726114034653, -0.007553383242338896, -0.04085942357778549, -0.03215661272406578, 0.010399585589766502, -0.02598528005182743, 0.0010741676669567823, 0.023316964507102966, 0.005117690656334162, -0.008490714244544506, 0.02597159706056118, -0.007382337469607592, 0.011884262785315514, -0.032758694142103195, 0.013074741698801517, 0.005531621631234884, -0.01377945113927126, 0.022482261061668396, -0.018637152388691902, -0.00434114271774888, 0.006985511165112257, -0.03861530125141144, 0.003804059000685811, 0.02097705937922001, 0.03910791501402855, 0.012130568735301495, 0.04031207785010338, -0.003470519557595253, -0.01860978454351425, 0.0029471192974597216, -0.005381101276725531, -0.035303857177495956, -0.013088425621390343, 0.01980026252567768, -0.03787638619542122, 9.824443986872211e-05, 0.02714839205145836, -0.014367848634719849, -0.0004566923307720572, 0.00741654634475708, -0.010481687262654305, -0.020689701661467552, 0.019663427025079727, -0.0024989794474095106, -0.013628930784761906, 0.008148622699081898, 0.01938975416123867, 0.029857756569981575, 0.014969930052757263, 0.010878513567149639, 0.01194583997130394, 0.03371655195951462, -0.019512906670570374, -0.015394123271107674, -0.0010006179800257087, -0.014737307094037533, -0.007307077292352915, 0.016776174306869507, 0.012890012934803963, 0.008737020194530487, -0.011993732303380966, 0.010584315285086632, 0.0019687372259795666, 0.003947737161070108, 0.020114988088607788, -0.024110617116093636, -0.020812854170799255, 0.01486046053469181, 0.008730178698897362, -0.025629505515098572, -0.01255476288497448, -0.01135744247585535, -0.011001667007803917, 0.005172425415366888, -0.027271544560790062, 0.0007650023908354342, -0.027859942987561226, -0.005791611038148403, 0.023248547688126564, -0.02467164769768715, 0.002014919649809599, -0.023289598524570465, -0.005271631758660078, -0.016570918262004852, 0.019444487988948822, 0.2471817284822464, 0.014299429953098297, 0.0005691549158655107, 0.03472914174199104, 0.0045121884904801846, 0.008374403230845928, 0.04581291228532791, 0.007738112471997738, -0.011501120403409004, 0.011897946707904339, -0.026450524106621742, -0.014258379116654396, 0.00566503731533885, -0.0076423268765211105, -0.0010262748692184687, -0.018377162516117096, -0.010632207617163658, -0.026245269924402237, -0.02022445760667324, -0.0066707865335047245, 0.010426952503621578, 0.015544643625617027, -0.00927752535790205, -0.0034910449758172035, 0.0038553725462406874, 0.0032635540701448917, 0.03013143129646778, -0.008175989612936974, -0.00039383297553285956, 0.01091956440359354, -0.01070062629878521, -0.0034602568484842777, 0.0004596856306307018, 0.00039810914313420653, -0.0227148849517107, -0.018815038725733757, 0.010987983085215092, 0.009818029589951038, 0.01893819309771061, 0.04356878995895386, 0.0054426779970526695, 0.0077244290150702, -0.005613723769783974, -0.013314206153154373, 0.01397786382585764, 0.030295634642243385, -0.008572815917432308, 0.006031075492501259, -0.028215717524290085, -0.02598528005182743, -0.033634450286626816, -0.018746621906757355, 0.02223595604300499, 0.03741114214062691, -0.012671073898673058, -0.018349794670939445, -0.0011708085658028722, -0.009927499108016491, -0.004310354590415955, 0.009735927917063236, -0.02762731909751892, 0.031910307705402374, -0.010173805058002472, 0.038888975977897644, -0.017939284443855286, -0.015079398639500141, -0.005285315681248903, 0.02434324100613594, -0.00018676064792089164, -0.009482779540121555, -0.009578565135598183, 0.003937474451959133, -0.013170527294278145, -0.0028393606189638376, -0.03128085657954216, -0.03467440605163574, 0.033634450286626816, -0.0026546309236437082, 0.03338814154267311, 0.024425342679023743, -0.013348415493965149, -0.009168055839836597, 0.018637152388691902, -0.006431322544813156, -0.024808485060930252, -0.022988557815551758, 0.0007774032419547439, 0.008579658344388008, -0.002986459992825985, -0.00013191907783038914, 0.01570884697139263, 0.015024663880467415, -0.0068178861401975155, -0.025218995288014412, -0.015790948644280434, -0.03535858914256096, 0.020443394780158997, 0.014491001144051552, -0.01607830636203289, 0.01848663203418255, -0.004915856756269932, 0.07082664966583252, -0.003136980114504695, -0.0016753937816247344, 0.008299143053591251, -0.009113321080803871, -0.010406427085399628, 0.0041358876042068005, 0.005446098744869232, -0.028078880161046982, 0.007662852294743061, -0.033962856978178024, 0.015147817321121693, -0.002644368214532733, -0.012417926453053951, -0.004618236795067787, 0.008490714244544506, -0.03377128392457962, 0.002705944702029228, 0.0017027610447257757, -0.015886735171079636, -0.03245765343308449, -0.007204449735581875, 0.011234289035201073, 0.007799689192324877, -0.022988557815551758, -0.004857701249420643, -0.009934340603649616, -0.008723336271941662, -0.05525463819503784, 0.006140544544905424, -0.006913671735674143, 0.03054193966090679, -0.023686423897743225, -0.0032122402917593718, 0.016776174306869507, 0.016269877552986145, 0.007587592117488384, -0.0012665942776948214, -0.0004609684692695737, -0.0027709421701729298, -0.0206349678337574, -0.001837032032199204, -0.0006854661041870713, -0.0039785257540643215, -0.043924566358327866, 0.0028787010814994574, 0.000565306399948895, -0.004922698717564344, 0.0058463457971811295, -0.011083768680691719, -0.0071086641401052475, -0.004098257515579462, -0.009462254121899605, 0.00949646346271038, 0.004498505033552647, -0.026984186843037605, -0.03620697930455208, 0.01175426784902811, 0.015859367325901985, -0.02887253277003765, -0.006393692456185818, 0.035221755504608154, -0.007656010799109936, -0.018390845507383347, -0.010933248326182365, -0.17504143714904785, 0.03415442630648613, 0.03371655195951462, -0.01725510135293007, 0.00028671554173342884, 0.008449663408100605, 0.02309802733361721, -0.020087620243430138, -0.008942275308072567, -0.009058586321771145, 0.022879088297486305, -0.006191858556121588, -0.032703958451747894, 0.0021312308963388205, 0.01688564196228981, 0.012219512835144997, -0.022783301770687103, 0.02015603892505169, -0.0006221791263669729, 0.005641091149300337, 0.021538088098168373, -0.0102695906534791, -0.0014573102816939354, 0.017090898007154465, -0.015941468998789787, -0.000474224507343024, -0.009763294830918312, -0.009551198221743107, -0.005996866151690483, -0.011254814453423023, 0.004009313881397247, -0.006024233531206846, 0.017870865762233734, 0.003444862784817815, -0.023672740906476974, -0.002729891100898385, -0.025027424097061157, 0.0046729715541005135, -0.015832001343369484, 0.040120504796504974, -0.006831569597125053, 5.917116141063161e-05, -0.0007085572578944266, 0.017515091225504875, -0.03656275197863579, 0.015517275780439377, -0.0009946314385160804, 0.0023877995554357767, -0.0029060684610158205, -0.006756309419870377, 0.0039785257540643215, -0.010303799994289875, 0.009982233867049217, 0.011453228071331978, 0.015134133398532867, 0.024001149460673332, 0.013074741698801517, -0.031937673687934875, 0.0006559606990776956, 0.00041136518120765686, -0.01611935719847679, -0.022906456142663956, 0.01941712014377117, -0.020717069506645203, -0.012609497644007206, -0.00821019895374775, -0.018226642161607742, 2.9612307116622105e-05, -0.030186165124177933, 0.014915195293724537, -0.008134938776493073, 0.014463634230196476, 0.01010538637638092, -0.00908595323562622, 0.0065305293537676334, -0.012588972225785255, -0.012506869621574879, 0.011364283971488476, 0.00411536218598485, 0.019047662615776062, -0.010981141589581966, 0.018404530361294746, -0.022879088297486305, -0.015790948644280434, -0.0006264552939683199, 0.025041107088327408, 0.01171321701258421, -0.006855516228824854, 0.0329502671957016, 0.0060926517471671104, 0.010789569467306137, -0.020511813461780548, -0.0045737652108073235, 0.00022235955111682415, 0.03680906072258949, 0.03623434528708458, -0.016201458871364594, 0.03226608410477638, -0.00968119315803051, 0.001965316478163004, 0.0026597625110298395, -0.020922323688864708, -0.012404242530465126, 0.009168055839836597, 0.022988557815551758, -0.006982089951634407, -0.0007872383575886488, 0.025218995288014412, 0.03349761292338371, -0.008579658344388008, -0.008299143053591251, 0.020498130470514297, 0.01217162050306797, 0.029501982033252716, 0.00441982364282012, 0.04627815634012222, -0.028325187042355537, -0.01610567420721054, 0.004392456263303757, 0.021702293306589127, 0.03136296197772026, -0.03880687430500984, -0.014792041853070259, 0.0028444919735193253, -0.007553383242338896, 0.0027675211895257235, -0.051696885377168655, -0.01736457087099552, 0.03327867388725281, 0.028735697269439697, -0.011651640757918358, 0.02182544581592083, 0.008784912526607513, 0.004022997338324785, -0.019512906670570374, -0.0027281807269901037, -0.027928359806537628, -0.02188017964363098, 0.009783820249140263, 0.03415442630648613, 0.01273265015333891, -0.010502212680876255, -0.006633156444877386, -0.004563502501696348, 0.02509584091603756, 0.010009600780904293, 0.0019328177440911531, -0.013033690862357616, 0.007902316749095917, -0.042583566159009933, -0.028626227751374245, 0.012677915394306183, -0.039709996432065964, 0.013081584125757217, 0.011193238198757172, 0.0206623338162899, 0.00035192674840800464, -0.02966618537902832, 0.014846776612102985, -0.015845684334635735, 0.009469096548855305, -0.043021444231271744, -0.04318564757704735, -0.013218420557677746, 0.010392744094133377, -0.027271544560790062, 0.007101822178810835, 0.017843499779701233, 0.020511813461780548, -0.020402343943715096, 0.009298050776124, -0.009674351662397385, -0.017118265852332115, 0.02798309549689293, 0.021907547488808632, -0.02887253277003765, -0.033607080578804016, -0.009038060903549194, -0.02380957640707493, -0.03795848786830902, 0.02931041084229946, -0.00503216776996851, 0.011480594985187054, -0.004775599110871553, -0.03418179601430893, 0.011897946707904339, -0.00968119315803051, 0.028188349679112434, -0.01049537118524313, -0.0082786176353693, 0.027025237679481506, 0.022413844242691994, -0.030706144869327545, 0.0021825446747243404, 0.016789857298135757, -0.008627550676465034, 0.009872764348983765, 0.004505346529185772, -0.02145598642528057, 0.02840728871524334, -0.020894955843687057, -0.0045737652108073235, -0.023618005216121674, -0.02554740197956562, 0.025629505515098572, -0.012807910330593586, -0.012636864557862282, -0.028243085369467735, 0.009024376980960369, -0.00688630435615778, 0.006554475519806147, 0.01010538637638092, -0.0044266656041145325, 0.014436266385018826, -0.005305841099470854, -0.029419880360364914, 0.0037972170393913984, 0.00324987038038671, 0.023686423897743225, -0.0004013162397313863, 0.001344420132227242, -0.0027880468405783176, 0.012718967162072659, 0.01770666241645813, 0.011590064503252506, 0.01888345740735531, -0.027723105624318123, -0.04189938306808472, -0.08549553900957108, 0.02268751710653305, 0.009195422753691673, -0.012342666275799274, -0.03226608410477638, 0.007163398899137974, 0.02969355322420597, -0.022523311898112297, 0.007122347597032785, -0.0027008133474737406, 0.010522738099098206, 0.009229632094502449, 0.004375352058559656, -0.015476224943995476, -0.013286839239299297, -0.037356406450271606, 0.025314779952168465, -0.006161070428788662, 0.018705571070313454, 0.0102695906534791, 0.008429137989878654, 0.007341286167502403, 0.019704477861523628, 0.015380439348518848, -0.016680387780070305, 0.006557896267622709, -0.023672740906476974, 0.01483309268951416, -0.007772321812808514, -0.009215948171913624, 0.021674925461411476, -0.021579138934612274, -0.02884516678750515, 0.011542171239852905, 0.0006042193272151053, -0.02671051397919655, -0.00505611440166831, 0.02884516678750515, 0.0067152585834264755, -0.0035543320700526237, -0.025807391852140427, 0.011528488248586655, -0.0017617718549445271, 0.0012708704452961683, -0.024480076506733894, 0.013232104480266571, 0.008524923585355282, 0.004300091881304979, 0.02680630050599575, 0.016789857298135757, -0.0026084487326443195, 0.006687891203910112, -0.005476886872202158, 9.562529885442927e-05, 0.00908595323562622, -0.01932133547961712, 0.020621282979846, 0.030240898951888084, 0.024835852906107903, -0.0017549300100654364, 0.014778357930481434, 0.0011442964896559715, 0.005216897465288639, -0.0076423268765211105, 0.014039440080523491, -0.012718967162072659, -0.02472638338804245, -0.0029898807406425476, 0.01008486095815897, -0.018869774416089058, -0.029775654897093773, -0.0082375667989254, 0.0057471394538879395, 0.011453228071331978, -0.024521127343177795, 0.009352785535156727, 0.018869774416089058, -0.019239233806729317, -0.02014235593378544, 0.008675443939864635, -0.006547633558511734, 0.007122347597032785, -0.013416833244264126, 0.00423851516097784, -0.008107571862637997, 0.030651409178972244, -0.02922830916941166, 0.004956907592713833, -0.004652446135878563, 0.00868228543549776, -0.03508491814136505, 0.01252739503979683, 0.015517275780439377, -0.022892771288752556, 0.004197464324533939, 0.02801046334207058, -0.0034072326961904764, 0.0016061201458796859, 0.02183912880718708, 0.009982233867049217, 0.024480076506733894, 0.021948598325252533, 0.003297763178125024, 0.01253423746675253, -0.020457079634070396, 0.010433794930577278, -0.011412176303565502, -0.014956246130168438, -0.008825964294373989, 0.007088138721883297, 0.018815038725733757, -0.0005452085169963539, -0.0154488580301404, 0.008442820981144905, -0.01033116690814495, 0.018363477662205696, 0.007526015862822533, -0.03182820603251457, -0.022933822125196457, 0.035632263869047165, 0.006739205215126276, 0.014928878284990788, 0.009735927917063236, -0.002823966322466731, 0.026190534234046936, 0.007334444671869278, 0.010351692326366901, -0.018815038725733757, 0.004252199083566666, -0.003889581887051463, -0.026204219087958336, 0.024042200297117233, -0.01685827597975731, -0.018773987889289856, -0.013888919726014137, -0.005377680528908968, 0.013156844303011894, -0.0019174235640093684, -0.009311733767390251, 0.07088138163089752, 0.02342643402516842, 0.011843211948871613, 0.0006221791263669729, 0.00040986851672641933, -0.01089903898537159, 0.00701287854462862, -0.01772034540772438, -0.017597192898392677, -0.01851399801671505, -0.007854423485696316, -0.031198756769299507, -0.028954634442925453, -0.049699071794748306, -0.01566779613494873, 0.002562266308814287, 0.008757545612752438, 0.024945320561528206, -0.017583509907126427, 0.014162593521177769, 0.028133615851402283, 0.012253722175955772, -0.017857182770967484, 0.03412706032395363, -0.0006290209712460637, 0.004501925781369209, 0.005945552606135607, -0.016598286107182503, -0.003786954330280423, -0.023576954379677773, -0.0005024470738135278, 0.0045703439973294735, -0.015229918994009495, -0.032293450087308884, -0.029392512515187263, -0.023960096761584282, 0.003078824607655406, 0.0042829872108995914, 0.009120162576436996, 0.019622376188635826, 0.007231817115098238, 0.002986459992825985, -0.02799677848815918, 0.007002615835517645, -0.0010775886476039886, -0.0011006798595190048, -0.01980026252567768, -0.004337721969932318, -0.014135225676000118]"
